,tweet
1,"Enquanto tratarem pessoas depressivas como dram√°ticas, ingratas e negativas, o suic√≠dio entre elas continuar√° aumentando."
2,"Minha dor hoje √© t√£o intensa, que acho que a alegria √© uma doen√ßa e a tristeza √© minha √∫nica sa√∫de."
3,"√â complicado depender de pessoas ou de algo para voc√™ se sentir bem. Porque pessoas s√£o decepcionantes, e todas as coisas s√£o tempor√°rias..."
4,Pessoas mortas tamb√©m costumam respirar
5,Uma cl√≠nica de reabilita√ß√£o para mentes destru√≠das.
6,Viver se torna t√£o cansativo...
7,"Ter depress√£o √© carregar a vida nas costas, aos trancos e barrancos como se fosse um fardo."
8,"Acredito que ainda h√° um pedacinho do universo que rege por mim, me impedindo de desistir da vida de vez."
9,O que mais te aflige no momento?
10,"Voc√™s que enfrentam esse tipo de problema relacionado √† sa√∫de mental, j√° procuraram ajuda ou tem aux√≠lio de algu√©m?"
11,Alguma vez j√° pensaram ou tentaram cometer suic√≠dio?
12,Qual idade voc√™s possuem?
13,"Eu quero fazer uma breve pesquisa aqui, pfv n√£o ignorem... Quais desses problemas voc√™s enfrentam?"
14,"Eu machuco a mim mesmo todos os dias, com os pr√≥prios pensamentos que tenho sobre mim mesmo."
15,"Eu odeio meus tra√ßos, minha apar√™ncia f√≠sica, minha personalidade, e cada detalhe que me compoe... E o que mais odeio √© o fato de eu me odiar tanto."
16,"Essa vida de planejar meu futuro num dia, e meu suic√≠dio no outro..."
17,"√â um vazio imensur√°vel, do tamanho do infinito"
20,"N√£o sejam o tipo de pessoa que sente prazer ou acha engra√ßado ficar apontando os ""defeitos"" das pessoas na cara delas. Se ela n√£o se sente bem com alguma parte do corpo, √© covardia zoar ou falar mal logo desse ponto fraco. Empatia por favor"
21,O que n√£o me mata me faz querer estar morto
22,A vontade de cometer suic√≠dio s√≥ aumenta a cada dia que passa
23,"Infelizmente depress√£o s√≥ √© vista como doen√ßa quando a pessoa se suicida, antes disso √© frescura"
24,"Jogar na cara de uma pessoa depressiva que ela s√≥ transmite energias ruins, que s√≥ vive pra baixo e cabisbaixa √© apertar o gatilho para um suposto suic√≠dio. Palavras tamb√©m matam"
25,"Tudo isso e muito mais s√£o sintomas de depress√£o, as pessoas falam o que guardam no cora√ß√£o, e infelizmente quando se trata de algu√©m que sofre depress√£o elas s√≥ faiar√£o coisas negativas. Ao inv√©s de querer se afastar de algu√©m assim, mostre pra ela que a vida tem lados bons"
26,"Por favor parem de querer diminuir pessoas que vivem pra baixo, que n√£o passam uma ""energia positiva"", que aparentam estar amarguradas e triste com a vida. Parem de dizer que s√£o pessoas ""t√≥xicas"", de querer afasta-las da sua vida, porque as mesmas precisam de acolhimento e amor"
27,"Depress√£o tirando a vida de pessoas incr√≠veis, que n√£o tinham ci√™ncia do quanto eram especiais, do quanto tinham potencial, e do quanto faziam uma diferen√ßa enorme na vida das pessoas que conviviam com elas"
28,"Sentimentos destrut√≠veis e repetitivos, que vivem voltando pra tirar a minha paz"
29,"Depress√£o, ansiedade e s√≠ndrome do p√¢nico andam de m√£os dadas"
30,"Ansiedade √© viver sofrendo por antecipa√ß√£o, √© criar uma s√©rie problema e consequ√™ncias antes mesmo de come√ßar algo. √â perder noites de sono por excesso de pensamentos, e desistir antes de ao menos tentar."
31,Estou preso num corpo vivo com uma alma em √≥bito.
32,"Est√° dif√≠cil, eu sei. Sei como √© complicado viver meio que ""for√ßado"", n√£o sentir prazer em nada, n√£o conseguir enxergar o lado bom de nada. Mas continue tentando, voc√™ merece se dar todas as chances do mundo"
34,"Se h√° um lado bom na vida, eu n√£o consigo ver..."
35,"A depress√£o me tornou uma pessoa negativa e amarga, e por conta disso tanta gente se afastou de mim, como se eu tivesse alguma culpa..."
36,"N√£o sinto vontade de fazer nada, al√©m de ficar deitado o dia inteiro..."
38,Depress√£o √© viver num corpo que luta pra sobreviver com uma mente que tenta morrer.
39,"S√≥ queria ter pessoas fixas na minha vida, amigos que estejam dispostos a segurar minha m√£o em todas as vezes que eu estiver prestes a desabar..."
40,A cada dia viver tem sido um ato de coragem pra mim
41,Cicatrizes internas que me fazem lembrar de cada trecho da minha hist√≥ria conturbada
42,"O amor vai chegar. E quando ele chegar ele vai te abra√ßar, te curar, tornar√° seus dias mais f√°ceis, pois ele sabe que a vida j√° √© dif√≠cil o suficiente..."
43,Minha sa√∫de mental est√° em estado terminal.
45,Uma pessoa toda ferrada de sa√∫de pode ser uma pessoa mais feliz do que outra que tem a sa√∫de perfeita mas sente um vazio dentro de si
46,"Parem de uma vez por todas de querer comparar problemas, porque o tamanho deles n√£o √© relevante e sim como pode nos afetar"
47,Uma vida resumida em todos os dias lutar contra meus pr√≥prios sentimentos que me matam aos poucos
48,Incrivelmente assustador como uma sa√∫de mental em estado ruim pode afetar at√© a sa√∫de f√≠sica
49,"Sua sa√∫de mental fica comprometida pra sempre, e n√£o h√° terapia que cure definitivamente essa doen√ßa cr√¥nica"
50,"A depress√£o √© um buraco que te suga na sua primeira reca√≠da, e te faz voltar a estaca zero de qualquer ilus√£o de melhora em segundos"
51,"Associo minha vida a dias frios e chuvosos como esses, s√£o tristes e a √∫nica coisa que d√° vontade de fazer √© ficar deitado."
52,"N√£o sei mais o que √© ouvir um sil√™ncio absoluto, literalmente"
53,"Noite deixou de ser sin√¥nimo de sil√™ncio e paz em minha vida. √â o momento em que escuto tudo, paranoias, pensamentos ruins e um ru√≠do constante que n√£o me sai da cabe√ßa."
54,"Esse ano j√° est√° sendo completamente conturbado, medo do que h√° de vir."
55,"N√£o √© necessariamente vontade de morrer, √© de se livrar dessa dor toda."
56,N√£o transcender o que te fere
57,Tem dias que a vida √© um ato de coragem
58,"Nao tem essa de ""amor n√£o tem limites"", pois quando se passa a amar e priorizar algu√©m mais do que a si mesmo, voc√™ estar√° amando errado."
59,"Que 2019 seja um ano otimo, que voc√™ finalmente saia do √≥bito interno, se encontre no mundo e consiga lidar com as adversidades de um modo mais positivo. Que finalmente os ventos soprem ao seu favor, que voc√™ encontre a paz e amor que tanto procura. Parab√©ns por sobreviverem 2018"
60,"Sabe o que sinto agora? N√£o me sinto triste, n√£o estou com raiva. N√£o me sinto bem ou mal. Eu n√£o sinto nada."
61,Um amor sem reciprocidade √© a morte mais cruel e dolorosa que se pode ter em vida.
62,O sil√™ncio pode ser mais destruidor do que as pr√≥prias palavras. E como pode.
63,"O sol que faz l√° fora me aquece a pele, me faz transpirar. Mas o cora√ß√£o continua no clima de inverno... frio, seco e nublado."
64,"O mundo gigante l√° fora ainda te espera, crie coragem, bata essas asas e voe longe"
65,As luzes das estrelas ainda te trar√£o toda a luz que precisa na escurid√£o que √© a sua vida
66,"Seu amigo precisa de voc√™ para dar conselhos, para o abra√ßar nos dias em que tudo estiver mal"
67,Sua m√£e precisa de voc√™ para dar aquela bronca ou li√ß√£o de moral
69,Voc√™ √© especial demais para aceitar um amor de merda
70,"Pessoas vem e v√£o, e nessa ida e vinda nos deixa cheio de v√£os."
71,"Ver√°s que um filho teu foge da luta, e teme tudo menos a pr√≥pria morte."
72,"Sou um ser cheio de nada, completamente vazio e repleto de v√£os."
73,Vivendo a base de crises de ansiedade e existenciais
74,Nada mais destrut√≠vel do que achar que a pr√≥pria morte seria a √∫nica solu√ß√£o para seus problemas. Esse √© o auge da depress√£o.
75,Sil√™ncios que estoram os t√≠mpanos
76,O ruim das decep√ß√µes √© que elas vem de quem voc√™ menos espera.
77,"Quando as coisas ficam ruins esquecem todo o bem que voc√™ j√° fez, e condenam o pequeno erro"
78,"Uma atitude errada com algu√©m que se encontra em uma situa√ß√£o emocional ruim, pode ser fatal. Tenha empatia"
79,"N√£o importa o qu√£o bem voc√™ tenha feito a algu√©m, as pessoas s√£o horr√≠veis ao ponto de te descartar na primeira brecha, e ainda colocar a culpa em voc√™"
80,"Quantas pessoas ter√£o que tirar suas pr√≥prias vidas todos os dias at√© entenderem que doen√ßa psicol√≥gica existe, e que ela deve ser levada a s√©rio num n√≠vel elevado?"
81,"Classificam os sintomas da depress√£o como pregui√ßa, falta de for√ßa de vontade, falta de Deus no cora√ß√£o, de pensamentos positivos, e at√© de sexo. Pois bem, essa ignor√¢ncia perante uma doen√ßa t√£o s√©ria esta matando pessoas todos os dias. At√© quando?"
82,"Ando mais desanimado do que o normal. Cada dia que passa tudo est√° se tornando mais desgastante e cansativo, a ansiedade do dia acabar j√° desperta assim que levanto da cama. N√£o tenho mais vontade de fazer nada e de conversar com mais ningu√©m, apenas dormir."
83,"Voc√™ jurou que ficaria at√© o final, mas resolveu n√£o pensar mais em mim"
84,"Tenho s√©rios problemas com minha autoestima, ver pessoas bonitas me deixam mal num n√≠vel absurdo. Me comparo a elas e percebo que tudo em mim parece ser defeito..."
86,Eu n√£o aguento mais
87,voc√™s tamb√©m escutam um chiado super forte vindo da cabe√ßa de voc√™s?
88,"A depress√£o me tira o sono, a paz, o sorriso sincero. Me tira o prazer de acordar e n√£o ter medo do que h√° de vir."
89,Viver √© uma escolha di√°ria. N√£o √© algo que se acontece no autom√°tico.
90,Amar em tempos de √≥dio √© um ato revolucion√°rio
91,Ter um cora√ß√£o batendo e um pulm√£o funcionando n√£o significa que est√° se vivendo. Viver √© completamente diferente de estar vivo.
92,O amor tem um alto poder de curar e ferir. O use com consci√™ncia e sem modera√ß√£o
93,Realmente eu n√£o sei hahaha
94,"Seja a paz no meio do caos, seja doce quando tudo estiver amargo. Seja amor, ame."
97,"Viver em dor, o que ningu√©m entende. Tentar ser forte a todo e cada amanhecer..."
98,"Por tr√°s dessa grosseria toda existe algu√©m com o cora√ß√£o destru√≠do, triste e precisando de ajuda"
99,A presen√ßa de ningu√©m preenche o meu vazio existencial
101,A dor me obriga a escrever.
102,"Familia n√£o te entende, amigos se afastam, o sol se p√¥s mais um dia, e no fim, voc√™ percebeu que s√≥ tem a si mesmo."
103,Como est√° o seu cora√ß√£o?
104,"√â t√£o triste quando a depress√£o te destr√≥i de um jeito, que te tira qualquer sensa√ß√£o de prazer.  Quando fazer o que se gosta n√£o √© mais t√£o legal assim, nada √©."
105,"Tudo tem me desgastado de um jeito t√£o grande, que me sinto cansado at√© mesmo quando estou deitado."
106,Se pensamentos condenassem eu estaria √† beira do abismo.
107,Atormentado pelos meus pr√≥prios pensamentos. Estou √† beira da insanidade.
108,"Tem abra√ßos que s√£o como lares. E dos mesmos, me encontro desabrigado."
109,"Tudo que amei, amei sozinho."
110,O clima frio e nublado se fazia presente em sua vida nas quatro esta√ß√µes do ano.
111,"Anoiteceu, mas j√° faz tempo que a minha vida escureceu. N√£o sei ao certo como isso aconteceu, s√≥ sei que o culpado fui eu..."
112,"Eu morri h√° alguns anos, e o meu corpo s√≥ continua vagando por a√≠."
113,"Sinto que nasci apenas para prestigiar o sucesso das pessoas a minha volta, n√£o para estar na posi√ß√£o delas."
114,"√â um vazio imensur√°vel, do tamanho do infinito."
115,Os dias s√£o um desejo de morte
116,"N√£o sobrou nada aqui dentro al√©m da dor, e da saudade."
118,"Quem comentou, n√£o d√° para ver, deve ser perfil restrito"
119,Em que √°rea a sua vida precisa de uma mudan√ßa gritante no momento? #QUINTADetremuraSDV
120,"Me desculpem por estar sumido do tt, estou enfrentando v√°rios problemas... Mas saibam que tenho um carinho imenso por todos voc√™s"
121,"Gente, deem o melhor de voc√™s para TUDO, mas n√£o se matem e nem desgastem a sa√∫de mental de voc√™s para conseguir conquistar tudo isso. √â tudo no seu tempo, se n√£o acontecer esse ano, voc√™ tem uma vida inteira. O importante √© n√£o deixar isso acabar com voc√™s"
122,"Os pais n√£o entendem o quanto √© DESTRUT√çVEL receber essa press√£o IMENSA deles para estudar loucamente pra passar na faculdade, arrumar um bom emprego e depois construir uma fam√≠lia"
123,Todo dia sofrendo e me deixando destruir pelos mesmos motivos
124,"Posta textinhos moralistas de empatia e conscientiza√ß√£o na internet, mas n√£o quer andar com o amiguinho depressivo porque ""atrai m√°s energias"""
125,"Minhas energias est√£o t√£o negativas e pesadas, que j√° acordo cansado e me arrastando da cama"
126,"√â t√£o ruim ir dormir e j√° sofrer por anteced√™ncia por saber que ter√° de acordar e viver mais um dia, de novo..."
127,"Quando fica aquela lacuna na alma e a gente n√£o consegue preench√™-la com nada nem ningu√©m √© t√£o desesperador, angustiante, intrigante..."
128,"Dif√≠cil acreditar que vai melhorar, quando tudo que voc√™ conhece √© a dor"
129,"A vida √© um porre de qualquer jeito, mesmo se estando s√≥brio"
130,A vida n√£o tem sido gentil comigo
131,"Ah quem me dera se fosse uma tristeza tempor√°ria, s√≥ mais um dia ruim..."
132,"Eu s√≥ queria um pouco de paz, e algu√©m para amar."
133,Odeio o fato de ter que lutar pra manter as pessoas por perto. Parece que ningu√©m quer estar ao meu lado por livre e espont√¢nea vontade...
134,"A gente desmorona, chega no nosso limite todos os dias, somos guerreiros, por tentar viver algo que n√£o se pode chamar de vida."
135,"Ser feliz √© uma virtude, por√©m n√£o d√° para sorrir e se sentir bem o tempo inteiro, n√£o √© saud√°vel."
136,Tudo bem desmoronar por uns tempos. N√£o tem problema admitir que te machuca.
137,Odeio agir o tempo inteiro como se tudo estivesse bem
138,√â horr√≠vel n√£o saber o que fazer consigo mesmo
139,"Eu vivo interpretando pap√©is, e j√° nem sei mais quem sou."
140,√â uma droga deixar algu√©m te conhecer por dentro
141,"Quem diz que me entende, nunca quis saber"
142,"Estou cansado de ser vilipendiado, Incompreendido e descartado"
143,o medo de ficar sozinho me fez ser a pessoa mais solit√°ria do mundo
144,"Aqui n√£o para de chover, desde que voc√™ se foi"
145,"A minha vida se tornou um caf√© fraco, amargo e frio."
146,Meu cora√ß√£o √© um bar vazio tocando Belchior
147,"Me rendi para a vida faz tempo, mas ela continua me destruindo..."
148,Talvez eu de fato funcione melhor sozinho.
149,"Mundo fechado, feridas abertas."
150,Eu estou cheio de me sentir vazio.
151,Ultimamente levantar da cama tem sido cada vez mais dif√≠cil para mim. Enfrentar mais um dia.
152,"Ah, o meu cora√ß√£o se parte a cada passo que dou"
153,"A depress√£o √© uma doen√ßa silenciosa, quando voc√™ se d√° por si j√° est√° em est√°gio avan√ßado."
154,Que esse ano seja um ano melhor para n√≥s
155,"Se as pessoas dissessem como realmente se sentem, as ruas estariam inundadas de l√°grimas..."
156,Dizem que eu n√£o estou sozinho... Mas olho para os lados e n√£o vejo ningu√©m aqui comigo.
157,Sentir demais e ao mesmo tempo n√£o sentir nada.
158,Somos prisioneiros dos nossos pr√≥prios sentimentos
159,"Atualmente falar ""quero morrer"" virou algo t√£o normal, que voc√™ pode falar a vontade. Pois, ningu√©m cogitar√° a possibilidade de que voc√™ est√° realmente querendo se matar."
160,"- ""fique bem""  + ""te farei ficar bem"""
161,"A depress√£o tem v√°rias ramifica√ß√µes, impulsionam v√°rios outros tipos de sentimentos al√©m da tristeza sem fim. √â destruidor sentir tantas coisas ruins ao mesmo tempo."
162,"A vida de quem tem depress√£o √© muito dif√≠cil. Ter inseguran√ßas, baixa autoestima(n√£o somente de apar√™ncia), complexo de inferioridade, e tudo mais. √â como se todos ao nosso redor fossem melhores do que n√≥s. Aquele sentimento de impot√™ncia, de n√£o se sentir capaz de nada destr√≥i."
163,"Na escrita encontrei minha melhor terapia e forma de me expressar. Eu sei que ningu√©m que ler ir√° me ajudar, tamb√©m sei que alguns sentimentos n√£o d√° para ser descritos. Mas guardar tantos sentimentos ruins, pode ser fatal para um ser humano."
164,"Tentei por diversas vezes dar uma revira volta na minha vida, tentando conquistar alguma coisa, ou buscando a for√ßa espiritual. Bom, eu fracassei ou n√£o soube procurar direito, apenas n√£o consegui nada."
165,"Passei a desconfiar de qualquer demonstra√ß√£o de afeto que me davam, porque para mim estavam querendo me enganar, dizendo que se importavam. Alguns amigos foram se afastando, e de outros eu mesmo me afastei. Parecia que eu de certa forma, funcionava melhor sozinho."
166,"Passei a ser t√£o pensativo, vivendo mais nos meus pensamentos do que em minha pr√≥pria casa. Era dif√≠cil me olhar no espelho, evitava ao m√°ximo ver minha imagem refletida onde quer que fosse. Fotos em fam√≠lia? N√£o apare√ßo em nenhuma, pois odeio minha apar√™ncia."
167,"De repente me vi optando por ficar sozinho, me isolando, me preservando. As coisas que costumavam me animar e me deixar feliz foram perdendo a gra√ßa. A vontade de sair de casa passou a ser zero, meu quarto era o √∫nico lugar onde eu queria estar."
168,"Voc√™ me faz querer morrer, e eu nunca serei bom o suficiente."
169,"Como um canceriano, concordo plenamente"
170,+
171,+
172,Pessoas de qual signo sofrem mais?
173,"Mas eu n√£o tenho nada contra a felicidade, √© ela que n√£o vai com minha cara."
174,"A depress√£o √© tipo uma doen√ßa sem cura. Te mata aos poucos, acaba com sua sa√∫de mental, at√© um dia acabar com voc√™ por inteiro."
175,"Evitou piscas os olhos, pois sabia que tal ato traria uma enxurrada de l√°grimas."
176,"Ningu√©m se importa com o que voc√™ sente, al√©m de voc√™ mesmo."
177,S√≥ n√≥s mesmos temos consci√™ncia da dimens√£o da dor e tristeza que carregamos na mente e cora√ß√£o.
178,Eu nunca estive t√£o destru√≠do em toda a minha vida.
179,"Quando voc√™ acorda t√£o mal, mas t√£o mal, que n√£o consegue conter as l√°grimas logo nos primeiros segundos do seu dia."
180,"Sa√∫de f√≠sica relevante, mas em compensa√ß√£o a mental, est√° mais do que p√©ssima"
181,"Olhar no espelho e odiar o que se v√™, √© uma das coisas mais tristes do mundo.... N√£o se aceitar de modo algum."
182,"N√£o sei se o que ando passando pode-se chamar de ""vida"", mas sei que j√° n√£o aguento mais."
183,Todo dia h√° algo para se lamentar.
184,"Tem sido dif√≠cil at√© para levantar da cama, √© como se eu tivesse um peso nas minhas costas e ficar deitado ali √© mais confort√°vel."
185,Cheguei ao ponto de achar mais que insuport√°vel cada respira√ß√£o que tenho.
186,"E a dor √© maior do que parece, quando ela se corta ela se esquece..."
187,"Carrego uma energia t√£o negativa e pesada, que mal consigo levantar da cama..."
188,"Eu s√≥ queria um pouco de paz, e algu√©m pra me amar."
189,Meus planos d√£o errado antes mesmo de eu coloc√°-los em pr√°tica.
190,"Falhando miseravelmente em tudo que fa√ßo, ou tento fazer."
191,"Nesse campo minado chamado vida, a cada passo que dou eu me machuco um pouco mais."
192,"Nos rendemos por t√£o pouco, por medo de experimentar o gosto amargo da solid√£o."
193,"Pois quando se √© jovem, tudo parece ser o fim do mundo."
194,"Meu Deus, n√£o me deixe ficar assim sem acreditar em nada..."
195,No est√°gio terminal da vida
196,Palavras ferem mais que o soco do agressor.
197,Como dizem: o suic√≠dio come√ßa por dentro.
198,Coisas pequenas me atinge t√£o fortemente... Por isso minha alma se encontra t√£o pesada e triste.
199,"Eu foco na dor, a √∫nica coisa que √© real"
201,"√â que a vida conhece os meus pontos fracos, e investe neles pra me destruir"
202,"Aquele velho ditado de que mente vazia √© a moradia do Diabo, nunca foi t√£o verdadeiro pra mim."
203,"Parte de mim quer fugir, outra parte n√£o consegue viver sem voc√™."
204,"De amor ningu√©m morre, mas em compensa√ß√£o sofre demais."
205,Aquelas companhias que te fazem se sentir mais sozinho do que se estivesse mesmo sem ningu√©m do lado.
206,Mas eu n√£o tenho nada contra o amor. √â ele que n√£o vai com a minha cara.
207,"Um humor t√£o inst√°vel, amor pr√≥prio quase inexistente e t√£o fr√°gil. Qualquer coisa pode me derrubar."
208,Palavras machucam e a falta delas tamb√©m.
209,Cair de um penhasco doeria menos do que ouvir essas palavras.
210,"De certa forma, a dor vem provando para mim mesmo que n√£o estou totalmente em √≥bito, que ainda sinto algo."
211,"Bom dia pra quem, pelo amor de Deus?"
212,"Espalhe amor, porque de dor e sofrimento o mundo j√° est√° cheio."
213,Quem √© mais sentimental que eu?
214,Pois somos bal√µes cheios de  sentimentos em um mundo repleto de alfinetes.
215,A gente abre a ferida na pele de quem nos ama
216,"Eu nunca precisei de drogas, tudo que eu amei me destruiu o suficiente."
217,"Sinto sua falta mesmo estando aqui. Sinto falta da proximidade que t√≠nhamos, de tudo."
218,Odeio aqueles fins sem pontos finais
219,"Um cora√ß√£o magoado √© capaz de tudo, as frustra√ß√µes mudam e a v√≠tima n√£o responde por si."
220,"O mundo n√£o ir√° parar de girar, s√≥ porque algu√©m partiu o seu cora√ß√£o."
221,Eu vi o tempo passar e nada mudar
222,"Tenha um bom cora√ß√£o, mesmo que nele haja dor."
223,"N√£o me deixe esperando, numa cidade t√£o morta. Pendurado t√£o alto, numa corda t√£o fr√°gil."
224,"Com meu cora√ß√£o se despeda√ßando a cada passo que dou, eu sigo em frente."
225,"E eu estaria mentindo, se eu continuasse escondendo o fato, de que, eu n√£o consigo lidar com isso. -13 beaches"
226,"D√≥i te amar, e mesmo assim eu te amo. √â s√≥ o jeito como eu me sinto."
227,"Tenho a sensa√ß√£o de que at√© mesmo se eu come√ßasse tudo do zero novamente, iria de uma forma ou outra, chegar onde estou hoje."
228,A cada expectativa uma frustra√ß√£o diferente
229,Eu j√° estou acostumado a ser maltratado por mim.
230,Tornei-me tudo aquilo que eu temia ser um dia.
231,Talvez tenhamos existido apenas na minha mente. Droga.
232,"Porque a vida que leva n√£o √© a mesma, e essa rotina j√° n√£o satisfaz."
233,No final s√≥ me restam mem√≥rias e cicatrizes.
234,A saudade arde e me afoga.
235,"E quando a dor n√£o lhe couber, transforme-a em poesias."
236,Tudo que eu queria era come√ßar a minha vida do zero
237,"Um dia eu vou morrer, um dia eu chego l√°..."
238,"Aus√™ncias causam esquecimento, por vezes n√£o √© bem assim. Porque quanto mais te afastas, mais eu penso em ti."
239,"Mas a vida? A vida √© um porre de qualquer jeito, mesmo voc√™ estando s√≥brio."
240,"A vida √© um jogo, e eu nunca fui um bom jogador."
241,Eu odeio todas as vezes que amei voc√™ antes de mim.
242,A vida √© uma morte lenta e dolorosa.
243,√â t√£o contradit√≥rio a vida me fazer morrer aos poucos
244,Voc√™ aprende a constatar que a vida √© uma merda quando o seu conceito de felicidade se resume em passar o dia todo dormindo.
245,"Cada dia mais tem sido mais dif√≠cil levantar da cama, enfrentar mais um dia."
246,"A gente mede atitudes e palavras com medo de magoar algu√©m, mas quando √© conosco ningu√©m retribui esse cuidado."
247,"Por mais destrut√≠vel que seja, prefiro ser magoado do que ousar magoar algu√©m."
248,"A vida √© um barco, e eu j√° naufraguei."
249,Os dias s√£o um desejo de morte
250,S√≥ voc√™ mesmo sabe a dor e tristeza que carrega no seu cora√ß√£o.
251,"N√£o √© engra√ßado brincar com a inseguran√ßa, falta de autoestima, paranoia, tristeza, e problema do outro. √â destrutivo, √© falta de car√°ter."
252,H√° feridas que nem mesmo o tempo consegue cicatrizar.
253,"A vida √© uma viagem, obrigado pela carona"
254,"A vida √© feita de supera√ß√µes. De coisas, pessoas, ou at√© de n√≥s mesmos"
255,"A √∫nica pessoa que pode mudar a minha vida sou eu mesmo, e esse √© o problema."
256,"Estou preso na minha pr√≥pria zona de conforto, onde me encontro completamente desconfort√°vel."
257,"√â como se eu vivesse o mesmo dia todos os dias, vivo dias vazios onde nada bom acontece, onde tor√ßo para chegar a noite e finalmente dormir."
258,"Prefiro viver na minha pr√≥pria mente, l√° posso ser feliz quando eu quiser."
259,"N√£o ando com √¢nimo para nada, respiro porque √© um ato involunt√°rio."
260,"A noite chega e √© como se o peso do meu mundo viesse nas minhas costas. Meu fardo √© pesado, meus sentimentos me matam."
261,"√â t√£o sufocante guardar o que sentes para si, mas sempre √© o melhor a se fazer."
262,Algu√©m me livre desse nada que me tornei
263,S√≥ hoje eu j√° morri umas 100 vezes internamente
264,Simplesmente h√° amizades e amores que n√£o foram feitas pra durar pra sempre. Por mais que voc√™ queira que dure.
265,"A gente tenta, acredita que vir√£o dias melhores, e que tudo isso √© uma fase. Mas o tempo passa e parece que nada ir√° mudar."
266,Eu s√≥ queria um dia levantar da cama e ficar feliz por isso
267,√â t√£o contradit√≥rio o fato da minha vida me matar todos os dias.
268,"As vezes tudo que precisamos √© de um abra√ßo e uma frase de encorajamento, mas nem isso as pessoas fazem pelo pr√≥ximo."
269,Olha o que o tempo faz... Eu nem me reconhe√ßo mais.
270,O que aconteceu comigo? Eu costumava sonhar tanto e hoje mal levanto da cama
271,"Provei o gosto amargo da vida, e preferi n√£o consumi-la mais."
272,Gostaria que minha for√ßa de vontade fosse maior que meus problemas
273,"O que me mant√©m ""vivo"" √© o cora√ß√£o batendo e c√©rebro funcionando"
274,"Nada dura para sempre, exceto a minha dor."
275,disappointed but not surprised
276,"Cada um carrega um inferno particular dentro de si, e se n√£o fosse o bastante, vivenciamos um outro no dia a dia."
277,Cad√™ voc√™ para me dizer que tudo isso vai passar?
278,"Bem aventurados os que mentem, felizes os que n√£o sentem."
279,N√≥s somos fortes pelas cicatrizes que possu√≠mos.
280,"√Äs vezes o amor n√£o √© o suficiente, e a estrada fica dif√≠cil."
281,Eu s√≥ queria dormir e n√£o ter a oportunidade de abrir os olhos novamente.
282,"√â tudo t√£o triste, parece que nada funciona sem voc√™."
283,"N√£o √© a dist√¢ncia que afastam as pessoas. √â a indiferen√ßa, √© o ""tanto faz""."
284,"Como √© p√©ssimo se sentir um ""tanto faz"" na vida de quem se ama."
285,Com o tempo tudo acaba se desgastando.
286,Cansado de tudo e de todos. Por√©m sigo em frente por n√£o ter outra op√ß√£o.
287,o meu semblante triste e cansado j√° respondem por si
288,como as pessoas ainda tem a coragem de olharem para mim e perguntarem se estou bem?
289,"Mania de me comparar com tudo e todos, me perguntando o porqu√™ de eu n√£o ser como eles."
290,"Eu tenho a mania horr√≠vel de me auto julgar o tempo inteiro, de me desqualificar e me inferiorizar para as pessoas."
291,vote*
292,"Voc√™ naquilo que voc√™ gostaria que sa√≠sse da sua vida, e d√™ rt pra funcionar"
293,"Na vida eu me encontro √† beira de um penhasco, no meio fio. Onde estou totalmente vulner√°vel a queda sem volta."
294,Chega com tanta inseguran√ßa que cai do cavalo cinquenta vezes antes de tomar alguma atitude.
295,Eu n√£o gosto da pessoa que as circunst√¢ncias da vida fez-me tornar.
296,√â t√£o exaustivo sempre ficar triste pelos mesmos motivos
297,A solid√£o interna √© o pior castigo que a vida pode te dar
298,"Acha que sua indiferen√ßa vai acabar comigo? Eu sobrevivo, eu sobrevivo."
301,"Esse ano, com certeza, est√° sendo a continua√ß√£o de 2016."
302,N√£o me mostre o para√≠so e depois o destrua.
303,A vida √© triste demais
304,Hoje n√£o foi um bom dia
305,Ser uma pessoa triste √© muito desgastante.
306,"A pior coisa √© quando mudam contigo do nada, a√≠ voc√™ n√£o sabe o que fazer e se sente p√©ssimo."
307,"Malditas palavras mal ditas, que estragam meu o meu humor todos os dias."
308,Chateado com metade do mundo e a outra metade eu n√£o consigo conversar.
309,Se eu resolvesse fazer uma fita para todos os motivos que me matam todos os dias eu nunca iria acabar
310,E eu me fiz em mil peda√ßos para voc√™ juntar
311,Para te confundir eles dizem que √© coisa da sua cabe√ßa
312,Queria que essa cultura de me abandonar acabasse
313,Todos que eu amo me deixam no final
314,"Eu me concentro na dor, a √∫nica coisa que √© real."
315,"√â intrigante ver que, foi preciso uma s√©rie para as pessoas perceber, que depress√£o, bullying e ansiedade n√£o s√£o brincadeiras."
316,Eu n√£o tenho mais a que desistir
317,"N√£o adianta comparar dores, nem problemas. Quem √© sentimental sofre com pequenas feridas intensamente da mesma forma."
318,"N√£o √© quest√£o do tamanho do problema, e sim o quanto ele consegue te afetar emocionalmente"
319,"Estou tendo ""dias dif√≠ceis"" desde que eu me entendo por gente"
320,com certeza
321,Citem algo mais inst√°vel que o meu emocional e falhem miseravelmente.
322,O ant√¥nimo de amor √© a indiferen√ßa.
323,"Eu n√£o queria sentir tudo isso outra vez, droga."
324,13- hoje dia 30/03 estou mais inspirado do que nunca em descrever o que sinto por estar com o cora√ß√£o partido
325,"E quantas vezes voc√™ n√£o se pegou olhando para o passado, se questionando o porqu√™ de tudo ter mudado."
326,"Mem√≥rias boas costumam ser ainda mais destrutivas. Pelo simples fato de serem mem√≥rias, n√£o mais realidade."
327,Tenho tanto medo de nunca ser feliz.
328,"√â t√£o destruidora a sensa√ß√£o, e quase certeza, de que algo bom em sua vida est√° acabando."
329,"Parece ser tudo t√£o triste, parece que nada existe sem voc√™..."
330,Eu fa√ßo tudo errado
331,"Eu tenho tanto medo de mudan√ßas, e quando elas acontecem eu n√£o sei o que fazer."
332,quando o olho enche de lagrima e a garganta da um n√≥
333,"N√£o guarde as palavras pra si, diga o que sentes, mande as pessoas a merda. N√£o se afogue em teus pr√≥prios sentimentos."
334,"Ter complexo de inferioridade √© morrer lentamente, nada pior do que se sentir inferior a todo mundo."
335,"Sinto pena de quem precisa de algu√©m pra ser feliz, sinto pena de mim mesmo."
336,"Odeio me importar demais, com coisas que deveriam passar despercebidas."
337,"De dentro desse po√ßo escuro e fedorento, eu n√£o sinto mais nada al√©m de dor e sofrimento."
338,"Nem a morte me trar√° a solu√ß√£o, meu castigo √© a vida, caminhar sem dire√ß√£o."
339,Nada mais destruidor do que n√£o se sentir bem consigo mesmo
340,Pesadelos reais que vivo todos os dias
341,Um pesadelo horr√≠vel me acordou nesta manh√£
342,Perdi minha autoestima faz uns 84 anos
343,S√≥ hoje eu j√° desejei a morte um milh√£o de vezes
344,Nunca julgue uma dor que nunca sentiste
345,N√£o estou preparado psicologicamente para levantar amanh√£ e viver mais um dia.
346,Ent√£o vamos chorar com vontade at√© cairmos num sono
347,"Queria ir para um lugar onde ningu√©m me conhecesse, e tentar recome√ßar, sendo quem eu quiser ser."
348,"Depress√£o n√£o √© ter tristezas moment√¢neas, se sentir vazios √†s vezes ou desejar morrer uma vez na vida."
349,"Ent√£o deixa que o tempo vai, gravar a tua voz em mim, pra que eu possa te ouvir, toda vez que eu precisar."
350,Eu tento.
351,"Todos n√≥s vamos morrer, que circo! S√≥ isso deveria fazer com que am√°ssemos uns aos outros, mas n√£o faz."
352,Depress√£o fora do normal t√≠pica de domingo
353,"N√£o sou f√£ de bebidas, mas um porre nesse momento n√£o me cairia mal."
354,Hoje √© s√≥ mais um daqueles dias em que nada faz sentido e tudo te desmorona.
355,"Sentimentos ruins, intensos e repetitivos que insistem em voltar e tirar a minha paz."
356,"Estamos t√£o acostumados com tudo dando errado na nossa vida, que quando algo come√ßa a dar certo, estragamos tudo"
357,A vida √© um eterno tapa na sua cara
358,"√â que voc√™ nasceu pra ser espinho, e eu cicatriz."
359,estou aqui
360,De cora√ß√£o partido a gente segue em frente.
361,"De tanto me compararem com as pessoas, agora eu automaticamente fa√ßo isso para me sentir mal."
362,√â dif√≠cil escrever o que sinto quando as l√°grimas invadem meus olhos borrando a minha vis√£o.
363,Pra que desabafar? Ningu√©m ir√° me entender...
364,Que Deus me perdoe pelos pensamentos que tenho sobre tirar minha pr√≥pria vida.
365,"Algu√©m te perguntou como √© que foi seu dia? Uma palavra amiga, uma noticia boa, isso faz falta no dia a dia."
366,Tudo seria t√£o mais f√°cil debaixo da terra.
367,"Nos rendemos por t√£o pouco, por medo de experimentar o gosto amargo da solid√£o."
368,A vida e suas eternas incertezas.
369,Me fez voar t√£o alto para cortar minhas asas no final.
370,Eu nunca estive t√£o destru√≠do em toda a minha vida.
371,"Eu pago um alto pre√ßo por pecados que n√£o cometi, e recebo da vida aquilo que n√£o plantei."
372,Cansei de ser escravo de sentimentos ruins.
373,"12- quando crian√ßa eu tinha um amigo imagin√°rio, era t√£o carente de companhias que inventei a minha."
374,11- eu pulei o n√∫mero nove sem querer.
375,"10- eu tinha uma vida tda  programa,fazer faculdade, arrumar um emprego, ser algu√©m. Hj eu s√≥ qro ficar no meu cantinho e n√£o sonhar mais."
376,"8- meus pais n√£o levam a s√©rio a minha depress√£o, falam que √© falta de Deus."
377,7- passo a maior parte do tempo desejando ser qualquer outra pessoa que n√£o seja eu.
378,6- j√° tentei tirar a minha pr√≥pria vida diversas vezes mas nunca deu certo.
379,"5- eu j√° tive muitos amigos, e todos me trocaram e me descartaram de alguma forma. Hoje sou sozinho."
380,4- muitas vezes eu j√° chorei no meio da aula refletindo sobre a minha vida.
381,3- j√° fiquei dois dias seguidos trancado no meu quarto numa das minhas piores crises existenciais
382,"2- qualquer coisa me atinge de alguma forma, por mais simples que seja."
383,"1- desde crian√ßa eu tinha um instinto depressivo, sempre fui inseguro em tudo, e me auto isolava em qualquer lugar."
384,vou tweetar alguns fatos sobre mim
385,"Olha o que o tempo faz, eu nem me conhe√ßo mais."
386,At√© agora essa ano est√° sendo bom pra voc√™s?
387,A depress√£o √© uma doen√ßa desgra√ßada pra caralho.
388,"Depress√£o n√£o tem cura. Por mais que consigas se afastar dela, ainda estar√° vulner√°vel a reca√≠das internas."
389,"Me sinto num deserto. Sozinho, sem avistar um caminho, cansado e abatido esperando minha morte chegar."
390,"Algu√©m me tire desse √≥bito interno, algu√©m me fa√ßa sentir preenchido, amado, acolhido."
391,"Voc√™ criou a sua pr√≥pria tempestade, n√£o venha at√© mim quando chover, pois eu n√£o estarei aqui."
392,"O mundo acabando ou n√£o, n√£o far√° diferen√ßa alguma, pois o meu mundo acabou h√° muito tempo."
393,"Ningu√©m vai te entender, at√© passar pela mesma situa√ß√£o."
394,"faltou o complexo de inferioridade, mas √© s√≥ o resumo mesmo."
396,A crise existencial tarda mas n√£o falha.
398,A pior insatisfa√ß√£o que voc√™ pode ter √© consigo mesmo.
399,Esse complexo de inferioridade acaba comigo em todos os aspectos
400,"A sensa√ß√£o de inferioridade quanto a sociedade, √© uma morte lenta e dolorosa."
401,"N√£o importa o quanto voc√™ se esforce para ser suficiente, sempre haver√° algu√©m melhor, mais interessante e mais atraente que voc√™."
402,Nenhum psic√≥logo ou psiquiatra desse mundo conseguiria diagnosticar o tamanho do meu caos interno.
403,"Me sinto mal quando fico perto de pessoas aparentemente felizes. N√£o por √≥dio, e sim por saber que nunca serei como elas."
404,At√© eu sinto d√≥ de mim mesmo.
405,Eu presenciei minha morte interna lenta e dolorosa ao longo da minha vida.
406,"E acabou exatamente como come√ßou, do nada e sem amor."
407,Hoje a noite pede uma corda e um banquinho.
408,"√â incr√≠vel o qu√£o est√∫pidos podemos ser, quando estamos amando algu√©m."
409,"A tristeza di√°ria me tira tudo, desde sorrisos at√© o sono."
410,Eu s√≥ queria ter estabilidade emocional
411,Toda a inseguran√ßa que houver nessa vida.
412,"Pessoas sens√≠veis, muitas vezes, s√£o punidas por serem sens√≠veis. Como se o pr√≥prio fato de ser sens√≠vel j√° n√£o fosse um castigo suficiente."
413,Eu n√£o consigo avistar uma luz no meio de tanta escurid√£o
414,Sinto falta da minha vida antes da depress√£o
415,"Pior do que se sentir deslocado no mundo, √© se sentir assim dentro de sua pr√≥pria casa."
416,"Sinto falta de coisas que nunca tive, e a saudade n√£o me coube, me faz transbordar."
417,"O tempo me conseguiu tirar at√© a beleza interior, que era a √∫nica que eu tinha."
418,"Eu n√£o consigo imaginar que algu√©m um dia estar√° disposto a passar o resto de sua vida comigo, eu n√£o consigo."
419,"Vamos voltar √†s d√©cadas seguintes, onde o amor n√£o era a lenda que se tornou hoje."
420,"Gera√ß√£o pobre de esp√≠rito, de empatia e de amor."
421,queria ser menos inseguro com tudo na minha vida
422,Passar noites em claro idealizando uma vida perfeita faz parte.
423,A pior insatisfa√ß√£o que voc√™ pode ter √© aquela por voc√™ mesmo.
424,Eu s√≥ queria ter paz e algu√©m pra ir a guerra me ajudar a lutar.
425,"√Äs vezes o amor n√£o √© o bastante, e a estrada fica dif√≠cil."
426,Eu vivo de ilus√µes para tentar fugir da realidade.
427,As vezes eu me controlo para n√£o passar da linha amarela de 30 cm entre a plataforma e o trem e me jogar.
428,"Ser magoado por algu√©m √© ruim, mas voc√™s j√° experimentaram a sensa√ß√£o de sobreviver ap√≥s uma tentativa de suic√≠dio? √â decepcionante."
429,Para onde vai a felicidade quando a dor nos invade ?
430,"E se essas subst√¢ncias me proporcionam isso, por que n√£o?."
431,"Ano novo, problemas psicol√≥gicos velhos."
432,S√≥ neste ano eu perdi as contas de quantas vezes j√° quebrei a cara.
433,"Meu vicio n√£o √© no √°lcool, nem nas drogas. Sou viciado em fugir da realidade."
434,Pagar caro demais numa vida sem valor algum.
435,"√Äs vezes eu paro e penso: O que fiz de t√£o errado na vida, para ela ser t√£o ruim e injusta comigo?"
436,"Aproveite a madrugada para chorar, ningu√©m te escutar√°, nenhuma satisfa√ß√£o ter√°s que dar."
437,"Ent√£o diga que o tempo fecha todas as feridas, e que pra n√≥s existe uma sa√≠da, que nem por um segundo me esqueceu."
438,√â t√£o contradit√≥rio o fato da minha vida me matar todos os dias.
439,A vida √© uma corda e eu me enforquei.
440,N√£o se rendam ao mundo sombrio e escuro chamado depress√£o.
441,"A depress√£o s√≥ termina, quando finalmente ela acaba contigo."
442,"Mas tudo bem, nem sempre estamos na melhor..."
443,O problema √© que eu acho todo mundo melhor do que eu.
444,"Eu ando t√£o fragilizado, coisas pequenas e in√∫teis j√° me entristece e desestabiliza."
445,"O meu erro foi achar, que o tempo seria capaz de curar, essas feridas que jamais se fechar√£o por completo."
446,"O tempo te tira tudo; sua seguran√ßa, sua autoestima, suas perspectivas, seus sonhos, sua vontade de viver..."
447,"N√£o quero pensar, n√£o quero fazer planos e nem criar expectativas. Quero apenas que os dias passem."
448,"Eu n√£o vou ver o sol nascer, pois tranquei minhas janelas, pra n√£o deixar a luz entrar."
449,"Esperar por pessoas ou coisas que voc√™ sabe que n√£o voltar√£o, ou acontecer√£o."
450,ver√°s que um filho teu n√£o sabe lidar com os pr√≥prios sentimentos
451,"Eu tentei ser suficiente para algu√©m, quando era insuficiente para mim mesmo."
452,n√£o tenho mais saco para ouvir essas mesmas coisas toda hora
453,"""nunca te abandonarei"" ah, n√£o me venha com esses papos furados, pregui√ßa."
454,Ultimamente n√£o ando com vontade de conversar com ningu√©m
455,"Ah, 2017... por favor n√£o me decepcione."
456,Torcer para esse ano n√£o ser 2016 parte 2
457,"Queria desejar um feliz ano novo a todos, que neste ano consigamos cumprir nossas metas, se sentir vivo e se sentir feliz üíô"
458,"Talvez eu ache algo mais forte, que fa√ßa eu me sentir melhor."
459,pra mim esse ano foi o pior de todos
460,"Na falta de um amor real, inventei um na minha mente"
461,O que esse ano foi pra voc√™?
462,"Terminarei esse ano horr√≠vel com um semblante carregado, e com v√°rias feridas abertas"
463,Algu√©m me devolva as poucas for√ßas que esse ano me tirou?
464,"O inferno √© real, sinto ele todos os dias dentro de mim."
465,"Minha exaust√£o interna √© t√£o grande, que n√£o preciso fazer esfor√ßo f√≠sico para me sentir cansado."
466,"Ultimamente, viver nunca foi t√£o desgastante como √© agora."
467,"Eu sou um atestado de orbito, esperando o tempo ter tempo pra assinar."
468,"Ato de coragem √© continuar vivendo, quando sua maior vontade √© de acabar com sua vida."
469,Como me livrar dessa vontade de s√≥ ficar deitado esperando o tempo passar?
470,"Coisas pequenas me magoam, coisas pequenas me destroem."
471,"Este ano acabou comigo em todos os sentidos. Fisicamente, emocionalmente e psicologicamente."
472,Ao longo da minha vida carregarei traumas que nem mesmo o tempo ser√° capaz de me fazer supera-los.
473,Sofro por coisas que crio na minha pr√≥pria mente
474,"Mais um ano se passou, nada mudou, s√≥ piorou, acabado eu estou."
475,Deus sabe que eu tentei.
476,"Deus sabe que eu vivi, Deus que eu amei, Deus sabe que eu morri."
477,"Eu n√£o queria muito, s√≥ precisava que voc√™ ficasse..."
478,N√£o te tornes aquilo que te feriu.
479,"Dias piores ""ver√£o"""
480,"N√£o √© f√°cil assim. Para voltar para ele tem que ter for√ßas, e for√ßas √© tudo que eu n√£o tenho..."
481,A pior coisa que fiz foi ter me afastado de Deus.
482,Ainda estou com essa sensa√ß√£o
483,Espero que um dia toda essa dor seja √∫til.
484,"A ansiedade e paranoia tiram a minha paz, estou quase surtando."
485,"Ei mo√ßa, n√£o precisa seguir padr√µes. Dane-se o que a sociedade acha de bonito, tenha orgulho de ser da forma que √©s."
486,"A depress√£o, ansiedade e paranoia me destruindo desde que me entendo por gente."
487,√â horr√≠vel pressentir que algo ruim ir√° acontecer
488,Estou com uma p√©ssima sensa√ß√£o
489,"2016 j√° deu, n√£o aguento mais"
490,Todo dia √© um p√©ssimo dia para ser eu.
491,"Quem nasceu para ser minha companhia: a desinstabilidade emocional, solid√£o, neuroses, e paranoias."
492,"Com meu humor bipolar, minhas crises e neuroses consegui afastar todo mundo de mim."
493,As l√°grimas tentam cair mas minha fonte de choro secou.
494,Me vi t√£o derrotado e magoado ao ponto de n√£o conseguir chorar mais.
495,Eu consigo estragar tudo sem medir esfor√ßos.
496,"Todos os planos e sonhos que constru√≠ para este ano foram arruinados e destru√≠dos, na minha frente."
497,Parece que o universo est√° me testando para ver at√© onde eu aguento.
498,O que tem de t√£o errado comigo que ningu√©m consegue permanecer na minha vida?
499,Queria saber o porqu√™ das pessoas me trocarem e me abandonarem t√£o r√°pido.
500,Voc√™s tamb√©m se sentem 100% substitu√≠veis? Porque eu sim.
501,Dormir √© a melhor fuga tempor√°ria dos problemas
502,Eu n√£o tenho mais for√ßas para prosseguir. Rastejo pela vida pedindo ajuda e uma tr√©gua.
503,Este ano minhas crises existenciais ficaram mais frequentes.
504,"A dor na garganta √© intensa, engolir o choro nunca foi t√£o dif√≠cil."
505,Meu cora√ß√£o j√° n√£o suporta mais ser despeda√ßado novamente.
506,Tudo aqui √© involunt√°rio. Desde acordar todos os dias a sorrir de vez em quando.
507,Voc√™ foi embora antes mesmo de me dizer adeus.
508,"√â cansativo sentir tudo isso, todos os dias, mas o que posso fazer a n√£o ser me lamentar?"
509,Todo dia √© o pior dia da minha vida.
510,"Me pergunta se estou bem, eu respondo que sim, voc√™ acredita e eu vejo que tu n√£o se importava com a resposta."
511,"Minha vida nada mais √© do que uma esta√ß√£o trem. Pessoas vem, pessoas v√£o, mas nenhuma fica."
512,"Levantar da cama, ultimamente, tem sido a coisa mais dif√≠cil e involunt√°rio que ando fazendo da vida."
513,"Sinto falta do que eu era a uns anos atr√°s, algu√©m que vivia e n√£o apenas existia."
514,"O qu√£o alto voc√™ me far√° voar, at√© cortar minhas asas?"
515,"Onde est√° voc√™ agora? al√©m de aqui, dentro de mim."
516,Come√ßa com borboletas no estomago e termina com um vazio no cora√ß√£o.
517,Hoje eu sou o que restou da dor.
518,Eu s√≥ sinto vontade de chorar
519,"Esse ano foi para quebrar a cara, aprender na marra, chorar, sofrer, lutar para perder."
520,"√â triste ver seres humanos cheios de vida e de sonhos, perderem a vida dessa forma, e n√£o poderem fazer nada para impedir... #For√ßaChape"
521,Sou arquiteto da minha pr√≥pria destrui√ß√£o.
522,N√£o estou psicologicamente preparado para mais uma segunda feira horr√≠vel.
523,"Eu estou t√£o sozinho nesse mundo, e isso me assusta tanto..."
524,As coisas e pessoas que eu amo tem o costume de me destruir.
525,"De todos os anos que tive, esse com certeza foi o pior e mais dif√≠cil ano da minha vida."
526,J√° tive v√°rios amigos v√°rios.
527,"O pior √© que a vida conhece meus pontos fracos, e foi neles que ela investiu para me destruir aos poucos."
528,"Minha vida √© artificial, demonstro ser o que n√£o sou para n√£o ser julgado, e isso me destr√≥i."
529,A quem eu quero enganar? Sei que n√£o poderei levar isso a diante
530,"Ao me sentar no ch√£o, pude perceber, que o solo estava menos frio que meu cora√ß√£o."
531,"Pode ser a mesma dor, mas sempre afetar√° de forma distinta cada um. Cabe a n√≥s respeitarmos."
532,"Nunca julgues dores que nunca sentistes, por favor."
533,"N√£o √© certamente vontade de ingerir √°lcool, s√≥ quero esquecer dos meus problemas por um instante, e rir deles junto com eles."
534,"Coisas boas s√£o t√£o v√°rias, tempor√°rias, ef√™meras."
535,"Pois quando n√£o est√°s aqui, sinto falta de mim mesmo."
536,"Pois quando n√£o est√°s aqui, n√£o sinto que estou vivendo o meu sonho. #UnidosPeloNovembroAzulSdv"
537,"Ei gar√ßom, por favor, me d√™ um gole de vida."
538,"E meu olhar fundo e deca√≠do, grita por si, que n√£o estou bem h√° muito tempo."
539,"Eu pude ver, o sol desaparecer, do meu rosto, dos meus olhos, da minha vida."
540,"Amor √© quando voc√™ tem todos os motivos para odiar a pessoa, mas continua a amando, mesmo sem motivos para isso."
541,√â dif√≠cil esquecer daquilo que j√° te fez feliz um dia.
542,"Sofrer por amor √© t√£o contradit√≥rio, o amor deveria apenas fazer bem."
543,"Ta frio l√° fora, nevando aqui dentro, dentro de mim."
544,A vontade de partir daqui j√° atingiu patamares alt√≠ssimos.
545,"O sorriso se fechou, o cora√ß√£o esfriou, o olhar se decaiu e as borboletas do est√¥mago morreram."
546,Projeto suic√≠dio 2017
547,Incr√≠vel como tudo pode piorar a cada dia
548,Eu j√° estou cansado de ouvir que uma hora tudo isso ir√° passar...
549,"Sabe quando voc√™ perde o gosto pela vida? Nada te faz sorrir, ou sentir aquelas borboletas no est√¥mago, voc√™ se encontra totalmente morto."
550,√â de se indignar a maneira de como ficamos tristes no meio de tanta raz√£o pra sermos felizes.
551,"Quero meus anos bons de volta, meu sorriso, meus sonhos, minha vida."
552,E como se livrar dessa mania de ficar insistindo em algo que n√£o dar√° em nada?
553,"Te oprimem por causa da sua apar√™ncia, orienta√ß√£o sexual, modo de pensar, gostos pessoais, e tudo que voc√™ faz ou deixa de fazer."
554,"#OMundoPrecisaDe pessoas que sorri, que abra√ßa, que ame e ajude o pr√≥ximo"
555,"#OMundoPrecisaDe pessoas que desconstruam todo e qualquer tipo de preconceito, intoler√¢ncia e pensamentos machistas."
556,"#OMundoPrecisaDe pessoas que n√£o julguem, n√£o excluem, n√£o oprimam, n√£o diminuem. O mundo precisa de amor."
557,H√° tantos sorrisos chorando por a√≠
558,"Porque n√£o s√£o todos que est√£o bem, n√£o √© todo mundo que achou algum motivo pra viver, nem todo mundo √© feliz..."
559,Voc√™ n√£o conhece as dores do outro. Seja gentil.
560,Os primeiros 12 meses do ano s√£o sempre os piores.
561,Eu sei l√° o que eu quero
562,"Aqui n√£o falta sentimentos, sinto por mim e ti, sinto por n√≥s dois."
563,Cansei de sentir saudade de gente que nem lembra da minha exist√™ncia
564,"Depress√£o n√£o diagnosticada, silenciosa e destrutiva."
565,D√≥i muito mais em mim n√£o ter a quem amar.
566,"Ent√£o diga que o tempo fecha todas as feridas, e que pra n√≥s existe uma sa√≠da, que nem por um segundo me esqueceu."
567,Eu s√≥ queria ter paz e algu√©m pra ir a guerra me ajudar a lutar.
568,"Tentativa de suic√≠dio fracassado, uma oportunidade pra vida ou uma chance de morrer um pouco mais?"
569,As l√°grimas vieram... se eu piscar n√£o pararei de chorar.
570,Problemas pequenos tamb√©m fazem grandes estragos
571,"Meus problemas s√£o pequenos perto de outros, mas j√° s√£o o suficiente para me destruir."
572,"Me acorde por dentro, e me salve desse nada que me tornei."
573,"Eu tentei, eu juro que eu tentei. Mas ser forte √© meu fraco."
574,Minha vida √© como um castelo de areia constru√≠do na beira do mar. A mar√© desaba e continuo construindo mesmo assim.
575,Adoro o jeito como finges se importar comigo.
576,"O que adianta ter ficado com um monte de gente na minha vida inteira, se NINGU√âM foi capaz de permanecer na minha vida por muito tempo?"
577,Senhoras e senhores hoje eu estou no ch√£o.
578,"A depress√£o me pegou, Tentei me matar, N√£o consegui."
579,"E ela mal piscava, pois sabia que se fizesse isso as l√°grimas cairiam sem parar..."
580,Olhe nos meus olhos. Consegues enxergar? O rio de l√°grimas querendo sair?
581,Estamos vivendo ou apenas existindo?
582,√â triste voc√™ chegar ao ponto de s√≥ querer morrer logo.
583,As pessoas est√£o cada vez querendo viver menos
584,√â triste ver jovens t√£o cheios de vida querendo morrer.
585,"Cuide bem de um suicida. Se tentou se matar uma vez, com certeza tentar√° novamente."
586,"Se decep√ß√µes ensinam, cansei de aprender."
587,Sim :c
588,Eu carrego dentro de mim um vazio que n√£o pode ser preenchido.
589,"Tentei me matar, e n√£o consegui."
590,Eu nunca estive t√£o destru√≠do em toda a minha vida
591,E essa tentativa entra no meu caderno de fracassos.
592,A pior parte do suic√≠dio √© quando ele falha.
593,p√°ginas ou twitters como o meu que querem crescer ou ajudar os outros a crescerem entrem em contato cmg
594,"A vida n√£o √© uma escolha, mas viver ela √©."
595,"√â que √© dif√≠cil todos os dias levantar da cama a for√ßa, sorrir a for√ßa e viver a for√ßa."
596,√â uma merda deixar algu√©m te ver por dentro.
597,H√° pessoas enterradas mais vivas do que eu.
598,"E quantas vezes voc√™ disse ""eu t√¥ bem‚Äù quase chorando?"
599,"Pra que me perguntas se estou bem, se pouco lhe importa a minha resposta?"
600,"Me perdi dentro do meu pr√≥prio mundo, procurando uma luz no meio do escuro."
601,Se sentir triste e vazio √© um estilo de vida.
602,N√£o existe vida quando a gente est√° triste e s√≥.
603,N√£o diga que voc√™ entende uma dor que nunca sentiu.
604,"Eu gosto de sentir medo, qualquer sentimento al√©m da dor √© bem vindo em mim."
605,Voc√™ aprende a constatar que a vida √© uma merda quando o seu conceito de felicidade se resume em passar o dia todo dormindo.
606,"Eu estou me sentindo deprimido, desvalorizado, e com muita ressaca, ou como gostamos de dizer em Hollywood, ""perfeitamente bem""."
607,"Eu nunca fiz quest√£o de existir, n√£o queria incomodar."
608,"Eu sei que alguns tem problemas maiores do que os meus, mas eu n√£o fa√ßo competi√ß√£o, sofro e reclamo sem esperar ser o vencedor por isso."
609,"Quem me dera, ao menos uma vez, ser amado pelo o que tenho por dentro, pois o que tenho por fora e s√≥ um conjunto de poeira."
610,Como perco o h√°bito de pensar e fantasiar uma vida contigo todos os dias?
611,Tenho um problema horr√≠vel chamado: Dificuldade de desapegar de qualquer tipo de pessoa importante pra mim.
612,"Intensifico todo tipo de sentimento que sinto, se sinto, sinto muito, ou n√£o sinto nada."
613,Eu ainda estou aprendendo a viver sem voc√™.
614,Algumas pessoas morrem aos 20 e s√≥ s√£o enterradas com 80 anos
615,√â normal olhar para si mesmo e nunca gostar do que se v√™?
616,"A√≠ a pessoa sai da sua vida, e deixa um v√£o enorme."
617,"Amadurecemos com os danos, n√£o com os anos."
618,"√â como se eu ficasse aqui nesse cantinho, vendo o mundo girar em um erro abusivo."
619,Eu machuco a mim mesmo todo dia
621,"You make me sad, you make me cry"
622,Ou√ßa o que o sil√™ncio diz
623,Somos prisioneiros das nossas pr√≥prias paran√≥ias
624,Eu sempre desisto. Desisto de levantar antes mesmo de cair.
625,"S√≥ enquanto eu respirar, vou me lembrar de voc√™"
626,"Eu falo que estou bem, e ainda tem gente que acredita..."
627,"A resposta de como eu estou est√° a√≠, meu sil√™ncio falou por si."
628,"Me perguntaram o que eu estava sentindo, de repente meus olhos viraram uma enxurrada, mas de minha boca n√£o saiu uma s√≥ palavra."
629,"Falo que estou bem, para me poupar de explica√ß√µes."
630,"Cada ignorada que voc√™ me d√°, meu cora√ß√£o se parte mais um pouco."
631,"N√£o sei o que voc√™ move em mim. Mas quando voc√™ n√£o est√° aqui, n√£o me sinto vivo."
632,Minhas mem√≥rias me torturam a todo tempo.
633,A maneira mais simples de se existir √© estando morto.
634,Sua indiferen√ßa me afeta em propor√ß√µes absurdas.
635,"O tempo n√£o cura nada. Ele s√≥ te faz perceber que voc√™ n√£o tem outra escolha a n√£o ser forte, seguir em frente e aceitar a realidade."
636,"Alguns relacionamentos n√£o d√£o certo, porque duas pessoas vazias n√£o se preenchem."
637,"Certo dia, pelo menos parece que foi assim, de uma hora para a outra, ele deixou de querer fazer parte de alguma coisa."
638,Quem quiser entrar avise aqui
639,A vida n√£o passa de um teste de sobreviv√™ncia.
640,"Olhe no fundo dos meus olhos, e veja meu inferno eterno. Consegues enxergar? Ele se esconde no meu olhar."
641,Seguindo de volta at√© as 00:40 #SemUnfNaMafiaSdv
642,Seguidores que amam a Lana del Rey de paix√£o üíô
643,Todo dia √© um belo dia para morrer.
644,"O inferno √© real, posso viv√™-lo e senti-lo aqui, dentro de mim."
645,Cada corte do seu corpo representava todas as vezes que desejou estar morta.
646,at√© o final da enquete eu vejo se fa√ßo ou n√£o üíü
647,O que voc√™s acham de eu fazer um grupo aqui? Pra compartilhar experi√™ncias etc?
648,A solid√£o √© interna. √â voc√™ se sentir sozinho mesmo rodeado de pessoas.
649,Cada uma sabe a alegria e a decep√ß√£o que traz no cora√ß√£o.
650,"Depress√£o n√£o mata, ensina a morrer."
651,Eu desisto das coisas antes mesmo de coloc√°-las em pratica.
653,"Eu at√© pensei em voar alto, mas a√≠ lembrei que n√£o tenho asas."
654,"Olhando pro teto esperando o tempo passar, e algo mudar."
655,De olhos fechados eu tento esconder a dor agora.
656,"A solid√£o, com um tempo, se torna um vicio."
657,Sobre o aborto voc√™ √©: #PrecisamosFalarSobreAborto
658,"Falta dinheiro, amor e auto estima."
659,"√â que eu to cansado. Cansado de levantar e todo dia ser a mesma coisa, cansado dessa rotina exaustiva, cansado de sentir saudade, to cansado"
660,"Ja que eu n√£o te tenho, a tua presen√ßa eu invento."
661,"Chorei enquanto tomava banho, na esperan√ßa que a √°gua lavasse e levasse toda a dor que eu estava sentindo."
662,Hoje a minha noite ta s√≥ as m√∫sicas da Lana del Rey.
663,"Procurando um caminho pra seguir, uma dire√ß√£o"
664,"√Äs vezes me sinto uma bexiga, um corpo totalmente vazio."
665,O problema √© esse vazio intenso que insiste em permanecer em mim.
666,"E de novo eu disse pra ela que tava tudo bem, quando na verdade eu queria falar que n√£o ta nada bom, que ta tudo errado."
667,"Mudan√ßas, dist√¢ncias, chegadas, partidas, √© dif√≠cil lidar, mas faz parte da vida."
668,E como sempre limpei o rosto e segui em frente.
669,"Meu estado emocional nem o melhor psic√≥logo do mundo seria capaz de descrever, diagnosticar."
670,"Vou come√ßar a mentir. Fingir que tudo est√° suave, sorrir..."
671,Voc√™ √© o mais pr√≥ximo do para√≠so que eu j√° alcancei. #GanhandoSdvComMafia
672,"E todo dia √© dia de desabar, chorar e se lamentar."
673,"Se as pessoas fossem gentis, demonstrassem amor, e fossem mais fi√©is, o mundo estaria com menos cora√ß√µes partidos."
674,Menina se abra... esse sorriso for√ßado n√£o me engana n√£o.
675,Nasci na √©poca errada. Nas pessoas busco valores que nesses tempos elas n√£o procuram ter mais. E isso me destr√≥i.
676,"Pois quando me falam em saudade, logo voc√™ me vem na cabe√ßa."
677,"√Äs vezes √© melhor deixar partir, do que ser partido.  #SabadoDetremuraSdv"
678,Os sorrisos mais bonitos est√£o guardados dentro das pessoas mais tristes.
679,"I feel everything, and i dont feel anything anymore."
680,"Gostaram do meu novo avatar? Norman Bates. Me enviem capas legais que posso por no twitter por DM, escolherei uma ‚ô•"
681,"Meu estado emocional se iguala a previs√£o do tempo. √Äs vezes nublado, ou chuvoso, frentes frias e pancadas. Na expectativa de dias de sol."
682,"Ser invis√≠vel, insignificante, e nada atraente para as pessoas d√≥i na alma."
683,"Eu s√≥ precisava de algu√©m do meu lado para dizer que tudo ficar√° bem, as coisas ficar√£o bem."
684,"Eu fico parado olhando minha vida se afundar cada vez mais, e n√£o fa√ßo nada para impedir."
685,"Minha inseguran√ßa, meus medos, minha incapacidade, minha sensibilidade e vontade de partir daqui s√£o consequ√™ncias de traumas que ja passei."
686,"H√° traumas emocionais t√£o ruins que j√° levei, que levarei pro resto da minha vida."
687,H√° feridas t√£o intensas em meu cora√ß√£o que mesmo cicatrizadas quando cutucadas doem demais.
688,"Pois metade de mim quer estar morto, e a outra metade j√° morreu."
689,"Oh menina complicada, de dia t√£o madura e alegre, de noite t√£o triste e solit√°ria."
690,seus olhos est√£o cansados de derramar l√°grimas pelos mesmos motivos
691,SEGUINDO TODOS DE VOLTA ‚ô• #MafiaTurmaDoSdv
692,"N√£o √© √† toa que passo a maior parte do tempo me isolando do mundo, querendo ouvir apenas o barulho da minha respira√ß√£o."
693,Talvez minha vontade n√£o √© de se matar literalmente. E sim matar esse vazio horr√≠vel que se fixou dentro de mim.
694,V√™ que a vida que leva n√£o √© a mesma. E essa rotina j√° n√£o satisfaz.
695,"Passo o maior tempo do dia me imaginando sendo outra pessoa, tendo outra vida."
696,"De longe essa vida que eu levo hoje, era a que eu imaginara que iria ter, h√° uns 10 anos atr√°s."
697,√Äs vezes acho que j√° senti tudo que deveria sentir. E que n√£o sentirei nada novo. S√≥ vers√µes menores do que j√° senti.
698,"Pessoal tenta nos derrubar, mas n√≥s j√° ta no ch√£o."
699,"N√£o precisa tentar me destruir n√£o, eu j√° consigo fazer isso sozinho comigo mesmo."
700,O que fazer quando a √∫nica coisa viva em voc√™ √© seu corpo?
